skill name,software development,web development,mobile development,cloud computing,devops,networking,cybersecurity,data science,machine learning,data engineering,system administration,quality assurance,project management,ui design,systems architecture,game development,soft skills,certifications,compliance
jquery,2,1,0,2,1,0,2,1,0,2,0,0,2,0,0,0,2,1,0
ajax,2,1,0,0,0,0,0,0,0,0,0,0,0,0,0,2,0,0,0
api testing,2,1,0,0,1,2,0,1,2,0,2,2,0,2,0,0,0,0,2
aws lambda,2,1,0,1,2,0,0,0,0,0,0,0,0,0,0,0,0,0,0
aws sagemaker,2,1,0,1,2,0,1,2,0,0,0,0,0,0,0,0,1,0,1
adobe edge,0,1,2,1,0,0,0,0,0,0,0,0,1,0,0,0,0,1,0
amazon s2,2,1,0,0,0,0,0,0,0,0,0,0,0,0,0,0,2,0,0
amazon sqs,2,1,0,2,1,2,1,2,0,0,0,0,0,2,0,2,0,0,0
amazon web services (aws),2,1,0,1,1,2,2,1,2,1,0,0,0,0,0,2,1,2,0
android sdk,2,0,1,1,1,0,0,1,0,0,0,0,0,1,0,2,0,0,0
android studio,0, 2, 1, 0, 2, 2, 0, 0, 0, 0, 0, 0, 0, 0, 0, 0, 1, 0, 0
android testing,2,1,0,0,0,0,0,0,0,0,0,0,0,1,0,0,0,0,0
angular command line interface (cli),2,1,0,0,0,0,0,0,0,0,0,0,0,1,0,0,0,0,0
apollo graphql,2,1,0,0,0,0,0,0,0,0,0,0,0,0,0,0,0,0,0
application virtualization,0,2,0,1,1,0,0,2,0,2,0,1,0,0,0,0,1,0,0
applied machine learning,2, 1, 0, 0, 0, 0, 1, 2, 0, 0, 0, 0, 0, 0, 0, 0, 2, 0, 0
artificial intelligence (ai),2,1,0,0,1,1,1,1,1,1,1,1,0,0,1,0,1,0,0
artificial neural networks,2,1,0,0,0,0,2,2,0,0,0,0,0,0,0,0,0,0,0
authentication,2,1,0,0,0,0,0,2,2,0,2,0,2,0,0,0,1,0,2
azure data lake,2,1,0,2,1,0,0,1,1,0,1,0,0,0,1,1,0,1,1
azure devops server,2,0,0,1,1,0,0,0,0,1,0,0,0,0,0,0,0,0,0
azure functions,2,1,0,1,1,0,0,0,0,0,0,0,0,0,0,0,1,0,0
azure kubernetes service (aks),2,1,0,1,1,0,0,0,0,0,1,0,0,0,0,1,1,1,0
azure service bus,2,1,0,1,0,0,0,0,0,0,0,0,0,0,0,1,0,0,2
azure virtual machines,2,1,0,1,0,0,0,0,0,0,0,0,0,0,0,0,0,1,0
big data analytics,2,1,0,0,0,2,2,2,2,2,0,2,0,0,0,2,0,0,0
biometrics,2,0,1,2,0,0,2,2,0,1,0,0,0,0,0,0,0,0,2
blockchain,2,1,0,2,0,0,0,2,0,0,2,0,0,0,0,0,0,0,2
bootstrap,2,1,0,2,0,0,0,0,0,0,0,0,0,0,0,0,0,0,0
browserify,2,1,0,0,0,2,0,0,0,0,0,0,0,0,0,0,0,0,0
bug tracking,0,2,1,0,0,0,0,2,0,2,2,1,0,0,0,1,0,0,2
business intelligence tools,2,0,0,0,1,0,0,0,0,0,0,0,0,0,0,0,0,0,0
c (programming language),2,1,0,0,0,0,0,0,0,0,0,0,0,0,0,0,0,0,0
cli,2,1,0,0,0,0,0,0,0,0,0,0,0,0,0,2,0,0,0
css flexbox,2,1,0,0,0,0,0,0,0,0,0,0,1,1,0,0,0,0,0
cvs,2,0,1,0,0,0,0,0,0,0,0,0,0,0,0,0,0,2,2
cakephp,2,1,0,1,0,0,0,1,0,0,0,0,0,0,0,0,0,1,0
certified information privacy professional,2,0,0,0,0,1,0,0,0,0,0,0,0,0,0,0,0,1,1
chrome developer tools,2,1,0,2,1,1,0,1,0,0,0,2,0,2,1,1,0,0,0
cisco networking,2,1,0,1,1,1,1,0,0,0,1,0,0,0,0,0,0,0,0
clearcase,2,1,0,0,0,0,0,0,0,0,0,0,0,0,0,0,0,0,0
cloud computing,0,1,2,1,0,0,2,0,0,0,2,0,0,0,0,0,0,0,1
cloud computing iaas,2,0,1,1,0,1,0,0,0,0,0,0,0,0,1,1,0,0,0
cloud firestore,2,1,0,0,2,0,0,2,0,0,0,0,0,0,0,0,2,0,0
cloud foundry,2,1,0,2,1,2,0,0,0,0,0,0,0,0,0,0,0,2,2
cloud management,2,1,0,2,2,0,0,0,0,0,0,0,0,0,0,0,1,0,0
cloud migration,2,0,0,1,2,0,0,0,0,0,0,0,0,0,0,0,0,0,0
cloud operations,2,1,0,1,1,0,0,0,0,1,0,0,0,0,0,0,1,0,0
cloud security,2,0,0,1,0,1,1,0,0,0,0,0,0,0,0,0,0,0,0
cloud storage,2,0,0,1,0,0,0,0,0,0,0,0,0,0,0,0,0,0,0
cloud strategy,2,1,0,1,0,0,0,0,0,0,0,0,0,0,0,0,0,0,0
code review,2,1,0,0,0,0,0,0,0,0,0,0,0,0,0,0,0,0,0
codeigniter,2,1,0,0,0,2,0,0,0,2,0,0,0,2,0,0,0,0,0
comptia,0,1,0,0,2,0,0,0,0,0,0,0,0,0,0,0,0,1,2
comptia network+,2,0,0,0,0,1,0,0,0,0,0,0,0,0,0,0,0,0,0
computer forensics,2,1,0,0,1,2,2,0,0,0,0,0,0,0,0,0,0,0,0
computer networking,2,1,0,0,1,1,0,0,0,1,0,0,0,0,0,0,0,0,0
computer science,2,0,0,1,1,2,1,1,1,1,1,1,1,1,1,1,0,1,0
concurrent programming,2,0,0,0,1,1,0,0,0,0,0,0,0,0,0,2,0,0,0
couchdb,2,1,0,0,2,1,0,0,0,0,0,0,0,2,0,1,0,0,0
cryptocurrency,2,0,0,0,0,1,0,0,0,0,0,0,0,0,0,0,0,0,0
cybersecurity incident response,2,0,1,0,1,0,2,0,0,0,0,0,0,0,0,2,0,2,2
dns administration,2,1,0,0,0,2,0,0,0,0,0,0,0,0,0,0,0,0,0
data assessment,2,1,0,0,1,2,0,1,2,0,0,0,0,0,0,0,0,0,0
data center design,2, 0, 0, 1, 0, 0, 0, 1, 0, 0, 0, 0, 0, 0, 2, 1, 0, 0, 0
data center infrastructure,2,1,0,0,1,0,0,1,1,1,1,0,0,0,0,1,0,0,0
data center management,2,0,0,1,0,1,0,1,1,0,0,0,0,0,0,1,0,0,1
data center operations,2,0,0,1,0,1,0,1,2,1,2,0,0,2,0,0,0,0,1
data engineering,2,1,0,1,1,0,0,1,1,1,0,0,0,1,0,1,1,0,0
data ethics,2,1,0,2,1,0,1,2,2,0,0,0,0,0,0,0,2,0,2
data governance,2,1,0,2,0,2,0,1,2,2,2,0,0,0,0,0,2,0,2
data ingestion,2,1,0,2,1,0,1,1,2,1,2,1,2,1,0,2,0,0,0
data loading,2,0,1,0,0,0,0,2,0,2,0,0,0,0,0,0,0,0,0
data migration,2,1,0,0,1,0,0,1,0,1,0,1,0,0,0,0,0,0,0
data privacy,2,1,0,0,1,1,1,2,2,2,2,2,2,0,2,0,1,2,0
data processing,2,1,0,2,2,2,1,2,2,2,2,0,0,0,0,2,1,0,2
data reduction,2,0,0,0,1,0,2,1,2,0,0,0,0,0,0,0,0,0,0
data reporting,2, 0, 1, 0, 0, 0, 1, 1, 0, 0, 0, 0, 1, 0, 0, 1, 0, 0, 0
data security,2,1,0,0,1,1,2,1,1,1,0,0,0,0,0,0,1,0,1
data sharing,2,1,0,0,0,0,0,1,0,2,0,0,0,0,0,0,0,0,0
data solutions,2,0,1,0,0,0,2,0,1,0,0,0,0,2,0,2,0,2,0
data stewardship,2,1,0,0,0,0,0,2,0,0,2,0,0,0,0,2,0,0,0
data storage,2,1,0,0,0,2,0,1,2,0,0,0,0,2,0,0,0,0,0
data validation,2,1,0,0,2,2,0,0,1,0,0,0,0,0,0,0,1,0,0
data visualization,0,1,2,0,0,2,2,1,2,2,0,0,2,2,1,0,0,2,2
data warehousing,2,1,0,2,0,2,0,0,2,0,0,0,0,0,0,0,0,0,0
database development,2,0,1,2,2,2,2,0,1,2,0,2,0,0,2,1,2,0,0
database maintenance,2,1,0,0,0,0,0,0,2,1,2,0,0,0,0,2,0,0,0
database management system (dbms),2,0,1,0,0,1,0,0,1,1,0,0,1,1,0,1,0,1,0
database monitoring,2,1,0,0,0,0,0,0,1,1,1,0,0,0,0,0,1,0,1
database testing,2,1,0,2,0,2,0,2,1,0,0,0,0,0,0,0,1,0,0
databases,2,1,0,2,0,2,0,2,0,0,2,0,0,0,0,0,2,0,0
decentralized applications (dapps),2,0,1,1,1,1,0,1,0,1,0,0,0,0,1,0,0,0,0
deep learning,2,1,0,0,1,0,2,2,2,2,0,0,0,0,0,0,2,0,0
devsecops,2,1,2,2,1,1,0,0,0,2,0,2,2,2,2,0,2,0,0
digital forensics,2,0,1,2,2,1,1,0,2,0,0,0,0,0,0,0,0,0,0
digital mapping,2,1,0,0,0,0,0,2,0,0,0,0,0,0,0,0,2,0,0
digitization,2,0,0,0,0,0,0,1,1,0,0,1,1,0,0,1,0,0,0
directory services,2,0,1,1,0,2,1,2,1,0,0,0,1,0,0,1,0,1,0
django,2,0,0,1,1,1,1,0,0,0,0,0,0,0,0,0,0,0,0
e-commerce optimization,2,1,0,0,2,0,0,0,0,0,0,0,0,0,0,0,2,2,0
esri,2,1,0,0,0,0,0,0,0,0,0,0,0,0,0,0,0,0,0
economic data analysis,2,0,0,0,0,0,0,1,0,0,0,0,0,0,0,0,0,0,0
elastic stack (elk),2,0,0,1,0,1,0,0,0,0,1,0,1,0,0,0,0,0,0
electronic payment processing,2,1,0,0,0,0,0,0,1,0,0,0,0,0,0,0,0,0,0
encryption,2,1,0,0,0,2,1,0,1,0,0,0,0,0,0,1,0,0,0
enterprise architecture planning,2,1,0,0,0,0,0,0,0,0,0,0,0,0,0,2,0,0,0
enterprise content management,2,1,0,0,0,0,0,1,0,0,0,0,0,0,0,0,0,0,0
enterprise data management,2,1,0,0,0,2,1,2,2,1,0,0,2,1,0,2,0,0,0
enterprise design patterns,2,1,0,0,2,0,0,0,0,1,0,0,0,0,0,0,0,0,0
enterprise javabeans (ejb),2,1,0,2,0,0,0,0,0,0,0,0,0,2,0,0,0,2,0
enterprise network security,2,0,0,0,1,2,2,0,0,0,0,0,0,0,0,0,0,0,0
enterprise reporting solutions,2,1,0,2,0,0,0,0,0,0,0,0,0,0,0,0,0,0,0
ethereum,2,0,1,1,0,0,0,2,0,0,0,0,0,0,0,0,0,0,0
ethical hacking,2,1,0,0,1,1,1,0,0,1,0,0,1,0,1,0,1,1,1
express.js,2,1,0,2,2,2,0,0,0,0,0,0,0,0,0,0,0,0,0
federated identity management,2,0,1,2,1,2,0,2,0,2,0,2,0,0,0,0,0,2,2
fetch,2,0,1,2,2,1,1,1,1,1,1,1,1,0,1,1,0,0,0
flask,2,1,0,0,2,0,0,2,0,1,0,0,0,2,2,0,2,0,2
flutter,2,1,0,0,0,0,0,0,0,0,0,0,0,1,0,2,0,0,0
forecasting,2,0,0,0,1,0,0,1,0,0,0,0,0,0,0,0,0,0,0
framemaker,0,2,1,0,0,0,0,0,0,0,0,0,0,0,0,2,0,0,0
gis modeling,2,1,0,0,0,0,1,1,0,0,0,0,0,0,0,2,0,0,0
gml,2,0,1,0,0,0,0,1,0,0,0,0,0,0,0,0,0,0,0
game development,2,1,0,0,0,0,0,2,1,0,0,0,0,0,0,2,1,0,0
game engines,2,1,0,0,0,0,0,0,0,0,0,0,0,0,0,0,2,0,0
game mechanics,2,1,0,0,0,1,0,1,0,0,0,0,0,0,0,2,0,0,0
game programming,2,1,0,0,0,2,0,0,2,0,0,0,0,0,0,2,0,0,0
general data protection regulation (gdpr),2, 0, 0, 0, 0, 1, 1, 0, 0, 0, 0, 0, 0, 0, 0, 0, 0, 1, 1
gitlab,2,0,0,1,2,1,0,0,0,0,0,0,0,2,0,0,2,0,0
go (programming language),2,1,0,0,0,0,0,0,0,0,0,0,0,0,0,0,2,0,0
google api,2,1,0,0,2,2,0,0,0,0,0,0,0,0,0,0,2,0,0
google cloud automl,2,1,0,1,2,0,1,1,2,2,0,0,0,0,0,0,0,2,0
google cloud platform (gcp),2,1,0,1,2,0,1,1,1,0,2,2,0,0,0,0,2,2,1
graphs,2,1,0,0,0,2,2,0,0,2,0,0,0,2,1,0,2,0,0
grasshopper,0, 0, 0, 0, 0, 0, 0, 0, 0, 0, 0, 0, 0, 0, 0, 1, 0, 0, 0
group policy,2,0,1,0,0,2,0,0,0,1,2,0,0,0,0,0,0,0,0
hadoop,2,0,1,1,2,2,0,1,2,1,2,2,2,2,2,2,0,2,2
hadoop administration,2,1,0,2,2,0,1,0,0,0,1,0,0,2,0,0,1,0,1
hardware deployments,2,1,0,0,0,2,0,0,0,0,0,0,0,2,2,0,0,0,0
hashcat,2,0,0,1,1,2,1,0,0,0,0,0,0,0,0,0,0,0,0
help desk implementation,2,1,0,0,0,2,0,0,0,0,2,0,2,0,0,0,0,0,0
help desk support,2,0,0,0,0,1,0,0,0,2,0,0,0,0,0,0,2,0,0
histograms,2,1,0,0,0,0,0,0,0,0,0,0,0,0,0,0,0,0,0
hybrid cloud,0, 2, 2, 1, 2, 0, 0, 0, 0, 2, 0, 0, 0, 0, 0, 0, 0, 0, 2
hydra,2,0,0,0,1,0,0,0,0,0,0,0,0,0,0,0,0,0,0
hyperledger,2,1,0,0,1,0,0,0,0,1,0,0,0,0,0,0,2,1,0
ibm spss statistics,2, 0, 0, 0, 0, 0, 1, 1, 0, 0, 0, 0, 0, 0, 0, 0, 0, 0, 0
ida,2,0,1,0,0,2,0,0,0,2,0,0,0,0,0,0,0,0,0
it governance,2,0,1,0,0,0,0,1,0,1,0,1,0,1,0,0,1,0,1
it hardware support,2,1,0,0,0,0,0,0,0,0,0,0,0,0,0,0,0,0,0
it infrastructure design,0,2,1,1,1,1,0,0,0,0,0,0,0,0,0,2,1,0,0
it service delivery,2,1,0,0,1,0,1,0,0,0,1,1,0,0,0,0,0,0,0
it service management,2,1,0,2,0,0,0,0,0,2,0,2,0,0,0,0,1,0,0
itil process implementation,2,1,0,2,0,0,0,0,0,2,0,0,0,0,0,2,2,2,0
identity & access management (iam),2,1,0,1,1,1,0,0,0,0,0,0,0,0,0,0,2,2,1
indexeddb,2,1,0,0,0,0,0,0,0,0,0,0,0,0,0,0,0,0,0
infosphere,0,2,1,0,0,0,0,0,0,0,0,0,0,0,0,0,0,0,0
information security awareness,2,0,0,1,1,2,1,1,1,0,0,1,1,0,0,1,0,0,0
information visualization,2,1,0,0,0,0,1,1,0,0,0,0,0,2,1,1,0,1,1
infrastructure automation,2,1,0,2,1,2,0,0,0,1,0,0,2,0,0,2,2,1,0
integrated development environments,2,1,0,0,2,0,0,0,0,0,0,0,0,2,2,2,0,0,0
internet safety,2,0,0,0,1,1,1,0,0,0,0,0,0,2,2,0,0,2,1
internet security,2,1,0,0,1,2,1,0,0,0,0,1,0,0,0,0,2,2,2
intrusion detection,2,1,0,2,2,2,2,0,0,0,0,0,0,0,0,0,0,0,0
ionic framework,0,2,1,0,0,0,0,0,0,1,0,0,0,0,0,0,0,0,0
json,2,1,0,0,0,2,0,2,2,0,0,0,0,2,0,0,0,0,0
jakarta ee,2,1,0,0,0,0,0,0,0,0,0,0,0,0,0,0,0,0,0
java,2,1,0,2,0,0,0,1,0,2,0,0,0,0,0,0,2,0,0
java concurrency,2,1,0,0,0,0,0,1,1,1,0,1,0,0,0,0,0,0,0
java frameworks,2,1,0,0,0,0,0,0,0,0,0,0,0,0,0,0,0,0,0
javascript libraries,2,1,0,0,0,2,0,0,0,0,2,0,0,1,0,0,0,0,0
javaserver pages (jsp),0,2,1,0,0,0,0,0,0,0,1,0,0,0,0,0,2,0,0
john the ripper,2,1,0,2,1,0,2,0,2,1,0,0,0,0,0,0,1,0,0
joomla!,2,0,0,1,0,0,0,0,0,0,1,0,0,0,0,0,0,0,0
jupyter,2,1,0,0,0,0,0,1,2,0,0,0,0,0,2,0,0,0,0
kotlin,2,1,0,0,1,0,2,0,0,0,0,0,0,0,0,1,0,0,0
kotlin coroutines,2,1,0,0,0,0,1,0,0,0,0,0,0,0,0,0,0,0,0
ladder logic,2,1,0,0,0,0,0,0,0,0,0,0,0,0,0,0,0,0,0
lambda expressions,2,1,0,0,2,2,0,2,2,0,0,0,0,0,0,2,0,0,0
lean software development,2,1,0,2,2,0,0,2,0,1,0,1,0,0,2,2,1,0,2
linux network administration,2,1,0,1,2,1,0,0,0,1,2,2,1,1,1,0,0,2,0
load testing,2, 0, 0, 1, 1, 1, 1, 0, 0, 0, 0, 0, 0, 0, 0, 1, 0, 0, 0
loadrunner,2,1,0,0,1,0,0,0,0,0,0,0,0,0,0,0,0,0,0
log analysis,2,1,0,0,2,2,0,0,0,0,0,0,0,0,0,0,0,0,0
mac,2,0,0,0,0,1,0,0,0,0,0,0,0,0,0,0,0,0,0
machine learning algorithms,2,1,0,0,1,0,2,1,0,1,0,0,0,0,0,0,2,0,0
magento,2,1,0,0,0,0,0,0,0,0,0,0,0,0,0,0,0,0,2
malware detection,2,1,0,2,2,2,2,0,0,0,0,0,0,0,2,2,0,0,2
map 2d,2,0,0,0,1,1,0,0,1,0,0,0,0,0,0,0,0,0,0
mapguide,2,1,0,0,0,0,0,0,0,0,0,0,0,0,0,0,0,0,0
mariadb,2,0,1,0,0,0,0,0,0,0,0,0,0,0,0,2,0,0,0
mathematical analysis,2,0,0,0,0,1,0,1,1,0,0,0,0,0,0,0,0,0,0
mean stack,2,1,0,0,0,0,1,0,0,0,0,0,0,0,2,0,0,0,2
mercurial,2,0,0,0,0,1,0,0,0,1,0,0,0,0,0,0,0,0,0
meta-analysis,2,1,0,0,0,0,0,1,0,0,0,0,0,0,0,0,1,0,0
metasploit,2,0,0,1,0,0,0,0,0,0,0,0,0,0,0,2,0,0,0
meteor.js,2,1,0,0,0,0,0,0,0,0,0,0,0,0,0,2,0,0,0
microcontrollers,0,1,2,2,2,0,0,0,0,0,0,0,0,0,2,2,2,0,0
microservices,2,1,0,1,1,0,1,1,0,0,0,1,0,0,1,1,0,0,1
microsoft deployment toolkit (mdt),2,1,0,1,0,0,0,0,0,0,0,0,0,0,0,1,1,0,0
microsoft dynamics nav,2,1,0,0,0,0,0,0,0,0,0,0,0,0,0,0,0,0,0
microsoft power bi,2,1,0,2,1,0,1,2,0,0,2,0,1,0,0,1,0,1,0
microsoft power query,2,1,0,0,0,0,0,0,0,0,0,0,0,0,0,0,0,0,0
microsoft sql server,0,1,2,0,0,0,0,1,0,2,2,0,0,0,0,0,0,1,2
microsoft visual studio code,2,1,0,0,0,0,0,0,0,0,0,0,0,0,0,0,0,0,0
minitab,2,0,0,0,1,0,0,0,0,0,0,0,0,0,0,1,0,0,0
mobile application development,2,1,0,1,0,1,0,0,0,1,1,1,1,1,0,1,0,1,1
mobile game development,2,1,0,0,0,0,2,1,0,0,0,0,0,0,0,2,2,0,0
mobile security,2,1,0,2,0,1,1,0,0,0,0,0,0,0,0,0,2,0,1
mocha (javascript framework),2,1,0,0,0,2,2,0,0,1,0,0,0,0,2,2,0,0,0
multi-platform development,2,1,0,0,1,2,0,1,1,1,1,0,0,2,2,0,0,2,0
multithreaded development,2,1,0,0,1,2,0,1,0,0,0,0,0,0,0,0,0,0,0
nhibernate,2,1,0,2,0,1,0,0,0,2,0,0,0,0,0,2,1,0,0
nist,0,0,1,1,2,0,0,2,0,0,0,1,2,0,0,0,0,0,0
natural language processing (nlp),2,1,0,0,0,0,2,2,0,0,0,0,0,1,0,2,2,0,0
netbeans,2,1,0,0,0,0,0,0,0,0,0,0,0,0,0,2,0,0,0
netstat,2,0,0,0,0,1,0,0,0,0,0,0,0,0,0,2,0,0,0
network access control (nac),2,1,0,1,2,1,2,0,0,0,1,0,0,0,2,2,1,1,0
network architecture,2,0,0,0,1,2,0,0,0,0,0,0,0,0,0,1,0,0,0
network monitoring tools,2,0,1,0,1,2,0,0,0,0,0,0,0,0,1,2,0,0,0
network security,2,1,0,1,1,1,2,0,0,0,1,0,1,0,1,1,1,0,1
network traffic analysis,2,1,0,2,2,1,2,0,0,2,2,0,0,2,0,0,1,2,2
neural networks,2,1,0,0,1,1,2,2,2,1,0,0,0,0,0,0,1,1,1
new relic,2,0,0,1,1,0,0,0,0,0,0,0,0,0,0,1,0,0,0
nik software,2,1,0,0,0,0,0,0,0,0,0,0,0,0,0,0,0,0,0
node.js,2,1,0,0,1,0,0,2,2,0,0,0,0,0,0,0,0,0,0
non-fungible tokens (nfts),2,0,0,0,0,1,1,0,0,0,0,0,0,0,0,0,0,0,0
nuget,2,1,0,0,0,0,0,0,0,0,0,0,0,0,0,0,0,0,0
os x,0,1,2,1,1,0,0,0,1,1,1,0,0,0,1,0,0,0,1
owasp zap,2,1,0,0,0,1,0,0,0,0,0,0,0,0,0,0,0,0,0
object oriented design,2,1,0,0,0,0,1,1,1,0,1,1,0,0,1,1,0,0,0
object-oriented programming (oop),2,1,0,0,1,0,0,1,0,1,0,0,0,1,0,0,1,0,0
opengl,2,0,1,0,2,1,1,0,1,0,0,2,1,0,1,2,1,0,2
opencart,2,1,0,1,0,0,0,1,0,0,0,1,0,1,0,0,0,0,0
operating system administration,2,0,1,0,2,1,0,1,0,0,0,2,1,0,0,0,2,2,0
operating systems,2,1,0,0,0,1,0,2,0,0,0,0,0,0,0,2,0,2,2
oracle database,2,0,0,1,0,2,0,1,0,2,2,0,0,0,0,0,1,2,0
oracle database administration,2,1,0,1,0,1,0,0,1,0,0,0,0,0,0,0,0,0,0
oracle sql developer,2,1,0,0,0,0,0,0,1,1,0,0,0,0,1,1,1,2,2
oraclevm,2, 0, 1, 0, 0, 0, 0, 0, 1, 1, 1, 0, 0, 0, 0, 0, 1, 0, 0
pvcs,0,2,1,2,1,0,0,0,0,2,0,0,0,2,0,0,2,0,0
package management,2,0,0,1,0,0,1,0,2,1,0,0,0,1,0,0,0,1,0
pair programming,0,1,0,2,1,0,0,1,2,0,0,0,0,1,0,2,0,0,0
parallel programming,2,0,0,1,2,0,2,2,2,0,0,0,0,2,1,2,2,2,2
penetration testing,2,1,0,0,1,0,0,0,0,1,0,0,0,0,0,1,1,0,0
performance monitoring,2,1,0,0,1,2,0,0,0,2,0,0,0,0,0,0,0,0,0
personal data protection,2,0,0,1,1,0,1,2,0,0,0,0,0,1,1,0,2,0,1
phpmyadmin,2,1,0,0,0,0,0,0,0,0,0,0,0,0,0,0,0,0,0
polyglot,2,1,0,0,0,0,0,0,0,0,0,0,0,0,0,0,2,0,0
polymer.js,2,1,0,0,0,0,0,0,0,0,0,0,0,0,0,0,0,0,2
postgresql,2,1,0,0,0,2,0,0,2,0,0,0,0,0,0,2,0,0,0
powershell,2,1,0,2,0,1,0,0,0,0,0,0,0,0,0,0,2,0,0
predictive modeling,2,1,0,0,1,0,1,1,1,0,0,1,0,1,0,1,0,0,0
presto,2,0,0,1,0,0,1,0,0,0,0,0,0,0,0,0,0,0,0
probability,2,0,0,0,1,0,1,1,0,0,0,0,0,0,0,0,0,0,0
process modeling,0, 1, 2, 2, 0, 2, 0, 2, 0, 0, 0, 0, 0, 0, 2, 0, 1, 0, 0
programmable logic controller (plc),2,0,0,0,0,1,1,1,0,0,0,0,0,0,0,2,0,0,0
programming,2,1,0,0,1,2,1,1,1,1,1,1,1,1,1,0,1,1,1
programming concepts,2,1,0,0,0,0,0,0,0,0,0,0,0,0,0,0,1,0,0
puppet (software),2,1,0,2,0,1,0,0,0,0,0,2,0,0,0,0,2,2,0
pyspark,2,1,0,0,0,2,2,2,2,0,0,0,0,0,0,0,2,0,0
pycharm,2,1,0,0,0,0,0,0,0,0,0,1,0,2,0,2,0,0,0
python (programming language),2,0,0,0,1,0,1,0,0,0,0,0,0,0,0,0,0,0,0
qlik sense,2,0,0,0,0,1,0,1,0,0,0,1,1,0,0,0,0,0,0
quantum gis,2,1,0,0,0,0,0,0,0,0,0,0,0,0,0,0,2,0,0
rest apis,2,1,0,0,0,2,0,0,0,0,0,0,0,0,0,0,0,0,0
rapid application development (rad),2,1,0,0,2,0,0,1,0,0,0,0,2,0,0,0,2,0,0
raspberry pi,0,1,2,2,2,1,0,0,0,0,0,1,0,2,0,0,0,0,0
records management,2, 0, 0, 0, 0, 0, 1, 0, 0, 0, 0, 0, 0, 0, 0, 0, 2, 0, 2
refactoring,2,1,0,0,0,2,0,0,0,2,0,0,0,0,2,0,0,0,1
regression analysis,2,1,0,0,0,2,2,2,0,0,0,0,0,0,0,0,1,0,0
relational databases,2,1,0,0,0,0,0,1,1,1,0,0,0,0,0,0,0,0,0
remote device management,2,1,0,1,2,0,0,0,2,0,2,0,0,0,0,0,0,0,0
remote troubleshooting,2,0,1,0,0,0,0,1,0,0,0,0,0,0,0,0,0,0,0
remote user support,2,1,0,0,2,0,2,0,0,1,0,0,0,2,0,2,2,0,0
rights management,2,1,0,0,0,1,2,1,0,0,0,0,0,0,0,0,0,2,0
robohelp,2,0,0,0,1,0,1,0,0,0,0,0,0,0,0,1,0,0,0
robotics,2,0,0,0,1,1,0,1,0,1,0,0,0,1,0,0,0,0,0
rxjs,2,1,0,0,0,2,0,0,0,0,0,0,0,0,0,0,0,0,0
sap bi,2,1,0,0,0,1,0,0,2,0,0,0,0,0,0,0,2,0,0
sap crm,2,0,0,1,0,0,0,0,0,0,0,0,0,0,1,2,0,0,0
sap cloud platform,2,1,0,1,0,2,0,0,0,0,2,0,0,0,0,2,0,1,0
sql clustering,2,1,0,0,0,0,0,2,1,0,0,0,0,0,0,0,0,0,0
ssl certificates,0,2,1,0,0,2,0,1,0,1,0,0,0,0,0,1,2,1,2
sales engineering,2,1,0,2,1,1,1,1,1,2,1,2,1,1,2,0,0,0,0
salesforce sales cloud,2,1,0,2,1,2,0,2,1,1,2,1,2,0,1,2,2,2,0
salesforce.com administration,2,1,0,1,0,0,0,0,0,0,0,0,0,0,0,0,1,0,0
scala,2,0,0,1,0,0,0,0,0,0,0,0,0,0,0,2,0,0,0
scaled agile framework,2,1,0,0,0,0,1,2,0,0,0,2,0,1,0,2,0,0,0
secure authentication,2, 1, 0, 0, 0, 2, 1, 0, 0, 0, 0, 0, 0, 0, 0, 0, 2, 1, 1
secure coding,2,0,1,1,2,0,2,2,1,0,2,1,0,2,0,0,2,1,0
secure remote access,2,0,0,1,0,2,0,0,0,0,0,0,0,0,0,0,0,0,2
security compliance,2,1,0,0,1,1,1,0,1,0,1,0,0,0,0,0,0,2,0
security incident response,2,1,0,2,2,1,1,0,0,0,2,0,0,0,0,2,0,2,1
security management,2,1,0,2,2,2,1,0,0,0,0,0,0,0,0,0,2,0,2
security metrics,2,0,0,0,1,1,1,0,0,0,0,0,0,0,0,0,0,0,0
security operations,2,1,0,0,1,1,1,0,0,1,0,0,0,0,0,0,0,0,0
security testing,2,1,0,1,1,1,1,0,0,1,1,1,0,0,0,0,1,1,1
sharepoint administration,2,1,0,2,0,0,0,0,0,0,2,0,0,0,0,0,2,0,0
sharepoint server,2,1,0,0,1,0,0,0,1,0,0,0,0,0,0,0,1,1,0
smart devices,2,0,0,1,0,0,0,1,0,0,0,0,0,1,0,0,0,2,0
socket.io,2,2,0,1,0,2,0,0,0,0,0,1,0,0,0,2,0,0,0
software architectural design,2,1,0,0,1,0,1,1,1,0,0,0,1,0,0,2,1,0,0
software architecture,2,0,1,2,1,0,0,1,0,0,1,1,1,0,0,0,2,0,0
software deployment,2,1,0,2,0,0,0,0,0,1,0,2,0,0,0,0,2,0,2
software design,2,1,0,0,0,0,0,0,1,0,0,0,0,0,0,2,0,0,0
software development life cycle (sdlc),2,1,0,2,0,0,0,2,1,0,0,0,0,0,2,0,0,0,2
software development security,2,1,0,1,1,1,1,1,1,0,1,1,0,1,1,0,0,1,1
software engineering practices,2,1,0,2,0,2,0,0,0,1,2,0,0,1,1,2,2,1,2
software management,2,1,0,0,2,1,0,2,0,2,0,2,0,0,2,0,0,0,0
software project management,2,0,1,0,1,1,1,0,0,1,1,0,1,2,0,0,0,1,1
software requirements,2,1,0,0,0,1,0,0,0,0,0,0,0,0,0,0,0,0,0
software troubleshooting,2,1,0,0,0,1,0,0,0,1,0,0,0,0,0,0,1,0,0
software updates,0,1,2,0,1,2,0,2,1,0,0,0,0,0,0,0,2,1,0
solidity,2,1,0,0,0,0,0,0,0,0,0,0,1,0,0,0,0,1,0
sparx enterprise architect,2,0,0,0,1,0,0,1,0,0,0,0,0,0,0,2,0,0,2
spring mvc,2,1,0,0,1,0,0,0,0,0,0,0,0,0,0,1,0,0,0
spritekit,2,1,0,0,0,0,0,0,0,0,0,0,0,0,0,2,0,0,0
squarespace,2,1,0,2,0,0,0,0,0,0,2,2,0,0,0,0,2,0,0
statistical analysis,2,1,0,0,0,0,1,2,0,0,0,0,0,0,0,0,0,0,0
storage architecture,2,0,1,0,0,0,1,2,0,0,0,0,0,0,0,0,1,0,2
swift (programming language),2,0,0,0,0,0,0,1,0,0,0,0,0,0,0,2,0,0,0
symfony framework,2,1,0,0,1,0,0,0,0,0,0,0,0,1,0,0,0,0,0
system administration,2,1,0,0,1,2,1,1,1,1,2,0,0,0,2,2,0,0,0
tableau,2,1,0,0,0,0,0,0,1,0,0,0,0,0,0,0,0,0,0
tenable.io,2,1,0,0,0,0,0,0,0,0,0,0,0,0,0,0,0,0,0
terrain modeling,2,0,1,1,1,0,1,1,0,1,1,1,0,0,1,0,1,0,0
test automation framework,2,1,0,0,0,0,0,0,0,0,0,0,0,0,1,0,0,0,1
test driven development,2,1,0,0,1,0,0,0,0,1,0,0,0,1,0,0,0,0,0
text mining,2,1,0,2,1,2,0,1,2,2,2,0,2,1,0,2,0,0,2
threat & vulnerability management,2,0,1,1,1,2,1,0,1,0,0,0,0,0,0,1,2,1,2
threat modeling,2,1,0,0,1,1,1,0,0,0,0,0,0,0,0,0,1,0,0
topographic surveys,0, 0, 0, 0, 0, 2, 0, 2, 0, 0, 0, 0, 0, 1, 0, 0, 0, 0, 0
tortoise svn,2,0,1,2,0,0,0,0,0,0,0,0,0,0,0,0,0,0,0
trust and safety,2,0,0,0,1,2,2,0,0,0,0,0,0,0,0,0,0,2,0
two-factor authentication,2,0,0,0,1,2,1,1,0,0,0,0,0,0,0,0,0,1,1
typo2,2,1,0,0,0,2,0,2,0,0,2,0,0,2,0,2,2,0,0
unity,2,0,0,0,1,0,0,0,0,0,0,0,0,0,0,1,0,0,0
universal windows platform (uwp),2,1,0,0,0,0,0,0,0,1,0,0,0,0,0,2,0,0,0
unix,2,1,0,1,1,1,1,1,0,0,0,0,0,0,0,0,0,0,0
user administration,2,1,0,0,0,2,0,2,2,0,1,0,0,2,0,2,0,0,0
user management,2,1,0,0,0,1,0,0,0,0,0,0,0,1,0,1,2,0,0
version control,2,1,0,0,1,0,0,0,0,0,0,0,0,0,0,1,0,0,0
virtualization,2,1,0,1,0,0,0,0,0,0,1,0,0,0,0,0,0,0,0
visual basic,2,1,0,0,1,0,0,0,0,0,0,0,0,0,0,0,0,0,0
visual studio,2,1,0,2,1,0,0,0,0,2,2,2,2,0,0,0,0,2,1
vmware,2,1,0,2,1,0,0,0,0,2,0,0,0,0,0,0,0,0,0
vulnerability scanning,2,1,0,0,2,2,2,0,0,0,0,0,0,0,0,0,0,0,2
wpf development,2,1,0,0,0,0,0,0,0,0,0,0,1,0,0,0,0,0,0
web application design,0,2,1,1,1,0,0,1,1,0,0,0,1,1,1,0,0,1,1
web application security,2,1,0,0,1,1,1,0,0,1,1,1,0,1,1,0,1,0,1
web services api,2,1,0,0,0,0,0,0,0,0,0,0,0,0,0,2,0,0,0
white box testing,2,1,0,0,0,1,0,0,0,0,0,0,0,1,0,0,0,0,0
wiki development,2,1,0,0,2,0,0,2,1,2,0,0,2,1,2,0,0,1,0
windows,2,1,0,0,0,0,0,0,0,0,0,0,0,2,0,2,0,0,0
windows administration,2,0,1,0,0,0,0,2,0,0,2,0,0,0,0,0,0,0,0
windows firewall,2,1,0,0,0,2,2,0,0,0,0,0,0,0,0,0,0,0,0
windows presentation foundation (wpf),2,0,1,2,0,0,1,0,0,2,0,0,0,2,0,0,0,0,0
windows server,2,0,0,1,0,2,0,0,0,0,0,0,0,0,0,2,2,0,2
windows software development,2,1,0,0,0,1,0,0,2,0,2,0,0,0,0,0,0,1,0
windows support,2,1,0,0,0,2,0,0,0,2,2,0,0,0,0,2,0,0,0
windows system administration,2,1,0,2,2,0,0,0,0,0,2,0,0,2,0,0,0,2,2
wordpress,2,1,0,0,0,0,0,0,2,0,0,0,0,0,0,0,0,0,0
xaml,2,1,0,0,0,0,0,0,0,0,0,0,0,0,0,0,2,0,0
xampp,2,0,0,0,1,2,0,0,0,0,0,0,0,0,0,2,0,0,0
xcode,2,1,0,0,0,0,0,0,0,0,0,0,0,0,0,1,2,0,0
yaml,2,1,0,0,0,0,0,2,0,0,0,0,0,0,0,0,0,0,0
zenmap,2,0,0,1,0,0,0,0,1,0,0,0,0,0,0,0,0,0,0
ios design,2,0,1,0,0,0,0,0,0,0,0,0,0,2,2,0,0,0,0
ios development,2,0,1,0,0,2,0,2,0,0,0,0,0,0,0,0,2,0,0
ipad development,2,1,0,0,0,0,0,1,0,0,0,0,0,0,0,0,0,0,0
pytest,2,1,0,0,0,0,0,0,0,0,0,0,0,0,0,0,0,0,0
watchos,2,0,1,1,0,0,0,0,0,0,0,0,0,1,0,0,1,0,0
.net (5+),2,2,0,1,2,0,1,1,1,0,0,0,0,0,0,0,2,0,0
.net core,2,1,0,1,0,0,0,2,1,0,1,1,0,0,0,0,2,2,2
.net framework (2.0 - 4.8),2,1,0,1,1,0,1,1,0,0,0,0,0,0,0,0,1,0,0
.net maui,0,1,2,1,0,2,2,0,0,2,2,1,2,0,2,1,2,2,0
aix,2,0,1,2,0,1,0,0,0,2,0,0,0,0,0,2,0,0,0
api development,2,1,0,2,0,2,0,0,0,1,0,0,0,1,0,0,0,2,0
apis,2,1,0,2,0,1,0,2,0,2,0,0,0,0,0,0,2,0,0
apt,2,1,0,0,0,0,0,0,0,0,0,0,0,0,0,0,0,0,0
asp.net,2,1,0,0,0,0,0,0,0,0,0,0,0,2,0,0,0,2,0
asp.net ajax,2,1,0,0,0,2,0,0,0,0,0,2,0,2,2,0,0,0,0
asp.net core,2,0,1,2,0,2,1,2,0,2,1,0,2,0,1,0,2,0,0
asp.net mvc,2,1,0,2,1,0,0,0,0,1,2,0,0,1,0,0,0,0,0
aws cloudformation,2,1,0,2,1,0,0,0,0,0,0,0,0,0,0,0,0,0,0
aws security,2,1,0,1,1,1,1,0,0,1,0,0,0,0,0,0,0,0,0
access control,2,1,0,0,1,1,1,0,0,0,0,0,0,0,0,0,1,0,0
active directory,2,1,0,2,0,2,0,0,2,2,0,0,0,0,0,0,0,0,0
ada,0,2,1,0,0,2,2,0,0,0,1,0,0,0,1,0,0,0,0
agile software development,2,1,0,0,1,0,1,1,0,1,0,1,0,2,1,2,0,0,0
airtable,2,1,0,2,2,0,0,0,0,1,0,0,0,2,0,0,2,0,0
algorithm development,2,1,0,0,1,0,1,1,1,0,0,0,0,1,0,0,0,0,1
alibaba cloud,2,0,0,1,0,0,0,0,0,0,0,0,0,0,0,0,0,0,0
amazon ec1,2,1,0,2,0,2,1,0,0,0,0,0,0,0,2,0,0,0,0
amazon q,2,1,0,2,0,0,0,0,0,0,0,0,0,0,0,0,0,0,0
amazon redshift,2,1,0,0,0,2,0,1,0,0,0,0,0,0,0,0,0,0,0
amazon s2,2,1,0,1,1,0,0,0,0,1,0,0,0,0,0,1,0,0,0
amazon web services (aws),2,1,0,1,1,0,0,0,0,0,0,0,0,0,0,0,1,0,0
andi,0,2,1,2,0,0,0,0,0,0,0,0,0,0,0,2,0,0,0
android,2,1,0,2,2,0,0,2,1,0,0,0,2,0,2,0,0,0,0
android development,2,1,0,0,0,0,0,1,0,0,0,0,0,0,0,0,0,0,0
android studio,2,0,1,2,2,2,0,0,0,2,2,0,0,1,0,0,0,0,0
angular,2,1,0,0,0,0,0,1,0,0,0,0,0,0,0,0,0,0,0
angularjs,2,1,0,0,0,2,0,0,0,0,0,2,0,0,0,0,0,0,0
ansible,2,0,0,1,2,1,0,1,0,1,1,0,0,0,1,0,0,0,2
ant,2,0,0,0,1,0,0,0,0,0,0,0,0,0,0,0,0,0,0
anti-phishing,2,1,0,0,0,2,1,0,0,0,0,0,0,0,0,0,0,0,0
apache kafka,2,1,0,2,1,2,0,0,0,2,1,0,0,0,0,0,0,0,0
apache spark,2,1,0,0,2,0,0,0,0,2,0,0,0,0,0,0,0,0,0
apex,2,0,1,0,0,0,0,0,0,0,0,0,0,0,0,0,1,0,0
app-v,2,0,1,1,2,0,0,0,0,0,1,2,0,0,0,2,0,0,0
apple remote desktop,2,0,0,0,0,0,0,1,1,0,0,0,0,0,0,1,0,0,0
application security,2,1,0,0,0,0,0,2,2,0,0,0,0,0,0,1,1,0,0
application security assessments,2,0,0,1,1,1,2,0,0,0,1,1,0,1,2,0,2,0,2
arcgis pro,2, 0, 0, 1, 0, 0, 0, 0, 0, 0, 0, 0, 0, 0, 0, 0, 2, 0, 0
arch,2,0,0,1,1,0,0,1,1,1,0,0,0,0,0,1,0,0,0
arduino,2,0,1,0,0,0,0,0,0,0,0,0,0,0,0,0,2,0,0
artificial intelligence (ai),2,1,0,0,1,1,1,1,1,1,1,1,1,0,0,0,0,0,0
asana,2,1,0,0,0,0,0,0,0,0,0,0,0,0,0,0,0,0,0
askcodi,2,0,1,0,0,0,1,0,0,0,0,0,0,2,0,0,2,0,0
assembly,2,0,0,0,0,1,0,0,0,0,0,0,0,0,0,0,0,0,0
astro,2,0,0,1,0,0,0,0,0,0,0,0,0,0,0,0,0,0,0
automated machine learning (automl),2,0,0,1,1,1,1,2,2,2,0,0,0,2,0,0,0,0,0
availability management,2,0,1,0,0,1,0,1,0,2,0,0,2,0,0,0,2,2,0
azure cosmos db,2,0,1,0,2,1,0,2,0,2,0,0,0,0,1,1,0,0,0
azure devops,2,1,0,2,0,0,0,0,0,0,0,0,0,0,0,0,0,0,0
azure devops,2,1,1,0,2,0,0,0,0,1,2,0,0,1,2,0,0,2,0
azure sentinel,2,1,0,1,1,1,0,1,1,1,1,0,0,0,0,1,0,1,1
bbedit,2,0,0,0,0,1,0,0,0,0,0,0,0,0,0,0,0,0,0
bsd,2,1,0,1,0,0,0,1,0,0,0,0,0,0,0,0,0,0,0
back-end web development,2,1,0,1,0,0,0,1,0,0,0,0,0,0,0,0,0,0,0
basecamp,2,1,0,0,0,0,0,0,0,0,0,0,0,0,0,0,0,0,0
bash/shell (all shells),0,1,2,1,1,0,0,1,1,1,1,1,1,1,0,1,1,0,0
bazaar,2,0,0,0,0,0,0,0,0,0,0,0,0,1,0,0,0,0,0
big data,2,1,0,2,1,2,0,1,2,2,0,2,0,0,1,1,0,2,0
bigquery,2,1,0,0,0,0,0,0,0,0,0,0,0,0,0,2,0,0,0
bing ai,2,0,0,1,0,0,0,0,0,0,0,0,0,0,0,0,0,0,0
bitcoin,2,0,0,0,0,0,0,0,0,0,0,0,0,0,0,0,0,0,1
black box testing,2,1,0,0,0,0,0,1,0,0,0,0,0,1,0,0,0,0,0
blazor,2,1,0,0,0,2,0,0,0,0,2,0,0,0,0,2,0,0,0
blockchain,2,1,0,0,0,0,0,0,0,0,0,0,0,0,0,0,2,2,0
boost.test,2,0,1,0,0,0,0,0,0,0,0,0,0,0,0,0,0,0,0
bun,0,2,0,0,0,0,0,0,0,0,0,0,0,0,0,0,0,0,0
burp suite,2,0,0,0,1,1,1,0,0,0,0,0,0,0,0,0,0,0,0
business analytics,2,1,0,0,0,0,0,1,1,0,0,0,0,0,0,0,0,0,0
business intelligence,2,0,0,1,0,2,0,1,0,0,0,1,2,0,0,0,0,0,0
business intelligence (bi),2,0,1,0,0,2,2,1,0,1,0,0,0,0,0,1,2,0,1
c,0,0,1,2,0,0,0,0,0,2,0,0,0,0,0,0,0,0,0
c#,2,1,2,0,2,1,1,2,1,1,2,2,1,0,1,2,1,2,1
c++,2,1,0,0,0,2,1,0,1,0,0,0,0,0,0,1,0,0,0
clion,2,1,0,0,0,0,0,0,0,0,0,0,0,0,0,0,1,0,0
cmake,2,1,0,0,0,0,0,0,0,0,0,0,0,0,0,0,0,0,0
crm administration,2, 0, 1, 0, 0, 0, 0, 2, 0, 0, 0, 0, 0, 0, 0, 0, 2, 0, 0
crm program management,2,0,0,1,0,0,0,0,0,0,0,0,2,0,0,0,1,0,0
csslp,2,1,0,0,0,0,0,0,0,0,0,0,0,0,0,2,2,0,0
cuda,2,1,0,1,0,0,0,0,0,0,0,0,0,0,0,0,0,0,0
cute,0, 0, 0, 0, 0, 0, 0, 0, 0, 0, 0, 0, 0, 0, 0, 2, 1, 0, 0
capacitor,2,0,0,0,0,1,0,0,0,0,0,0,0,0,0,0,0,0,0
cargo,2,1,0,0,0,2,0,0,0,0,0,0,0,0,0,0,0,0,0
cassandra,2,1,0,2,1,0,0,0,0,2,0,0,0,0,0,0,2,1,2
catch1,0,2,2,0,0,0,0,0,0,0,0,0,0,0,0,0,0,0,0
chatgpt,2,0,1,0,0,0,0,0,0,0,0,0,0,0,0,0,0,0,0
chef,2,0,0,0,0,1,0,0,0,0,0,0,0,0,0,0,0,0,0
chocolatey,0, 0, 0, 0, 0, 0, 0, 0, 0, 0, 0, 0, 2, 0, 0, 0, 1, 0, 0
chromeos,2,1,0,0,0,0,0,0,0,0,0,0,0,0,0,0,0,0,0
cisco webex teams,2,1,0,0,0,2,0,0,0,0,0,0,0,0,0,0,0,2,2
claude,0, 1, 2, 0, 0, 0, 1, 0, 0, 0, 0, 0, 0, 0, 0, 0, 0, 0, 0
clickhouse,2,0,0,1,0,2,0,2,0,0,0,0,0,0,0,1,0,0,0
clickup,2,0,1,0,2,0,0,2,0,0,0,1,0,0,0,0,2,0,0
client operating systems,0,1,2,0,0,0,0,0,0,0,0,0,0,2,2,2,0,0,0
clojure,2,1,0,0,0,0,1,0,0,0,0,0,0,0,0,0,2,0,0
cloud administration,2,1,0,1,1,2,0,0,2,0,0,0,0,0,2,2,0,2,2
cloud applications,2,1,0,1,0,2,0,0,0,1,0,0,2,0,0,2,2,2,1
cloud development,2,1,0,1,1,0,0,1,1,0,0,0,0,0,0,1,0,0,0
cloud firestore,2,1,0,1,0,0,0,0,0,0,0,0,0,0,0,1,0,0,0
cloud foundations,2,1,0,2,1,0,0,0,0,0,0,0,0,0,0,0,2,2,0
cloud platforms,2,1,0,1,1,0,0,0,0,1,0,0,0,0,0,0,0,0,0
cloud security,2,1,0,1,1,1,1,0,0,1,0,0,0,1,0,0,1,0,1
cloud services,2,1,0,1,2,0,0,0,0,0,2,0,0,2,0,0,0,0,1
cloud storage,0,1,0,2,0,0,0,0,0,0,0,0,0,0,0,0,0,0,0
cloudflare,2,0,1,2,1,2,1,2,0,2,0,0,0,2,0,0,0,0,2
cluster analysis,2,1,0,2,2,2,0,1,0,0,2,2,0,2,0,0,0,0,0
cobol,2,0,0,0,0,1,0,0,0,0,0,0,0,0,0,0,0,0,0
cockroachdb,2,1,0,2,0,0,2,2,2,0,0,0,0,2,0,2,2,0,0
cocoa,2,1,0,0,0,0,0,0,0,0,0,0,0,0,0,0,0,0,0
code::blocks,2,0,0,0,1,0,0,0,0,1,0,1,0,0,0,1,0,0,0
codeigniter,0,2,1,1,0,0,0,0,0,0,0,0,0,0,0,0,0,0,0
codeium,2,0,0,0,0,0,0,0,0,0,0,0,0,0,0,1,0,0,0
coding practices,0,2,2,0,1,1,1,0,0,0,1,1,0,0,0,0,1,0,0
cody,0,0,0,0,0,0,0,0,0,0,0,1,0,0,0,0,0,0,0
colocation,2,0,0,1,0,1,0,0,0,0,0,1,0,0,0,1,0,0,0
composer,2,1,0,0,0,0,0,0,0,0,0,0,0,0,0,0,2,0,0
computer hardware troubleshooting,2,1,0,0,0,1,0,0,1,0,0,0,0,0,0,0,0,0,0
computer maintenance,2,0,0,0,0,0,0,1,1,1,1,1,1,0,0,0,0,0,0
confluence,2, 1, 0, 0, 0, 0, 0, 0, 0, 0, 0, 0, 0, 0, 0, 0, 1, 0, 0
content management systems (cms),2,1,0,1,1,0,0,1,0,1,0,0,0,0,1,1,1,0,1
coolfire core,2,0,0,0,0,1,0,0,0,0,0,0,0,0,0,0,0,0,0
cordova,2,1,0,0,0,0,2,0,0,0,0,0,0,0,0,2,0,2,0
cosmos db,2,1,0,2,0,0,0,0,2,0,0,0,0,2,0,0,0,0,0
couch db,0,2,1,0,1,2,0,0,0,2,0,2,0,0,0,0,1,0,0
couchdb,2,1,0,2,0,0,0,0,0,0,0,0,0,0,0,0,0,0,0
couchbase,2,1,0,0,1,0,0,1,0,0,0,1,0,0,0,0,2,0,0
credit card transaction processing,2,0,1,2,0,2,0,0,2,0,0,0,0,0,0,0,1,0,0
cross-platform development,2, 0, 1, 1, 0, 0, 2, 0, 0, 0, 0, 0, 2, 2, 0, 0, 0, 0, 0
cross-platform development,2,1,0,0,1,1,0,1,0,1,0,0,0,0,0,0,2,0,0
cryptocurrency,2,0,0,1,0,1,2,0,0,1,0,0,0,0,0,0,0,0,0
cryptography,2,1,0,0,0,1,1,0,0,0,0,0,0,0,0,0,2,0,0
crystal,0,2,0,0,0,0,0,0,1,0,0,0,0,0,0,0,0,0,0
cybersecurity incident response,2,1,0,0,1,1,1,0,0,0,0,0,0,0,0,0,0,0,1
cygwin,2,1,0,0,1,0,0,0,0,0,0,0,0,0,0,0,0,0,0
dagger,0, 0, 0, 0, 0, 0, 0, 0, 0, 0, 0, 0, 0, 0, 0, 0, 0, 2, 0
dart,2,1,0,2,2,2,0,0,0,2,0,0,0,0,2,2,1,0,2
data analysis,2,1,0,0,1,0,0,2,0,0,0,1,0,0,0,0,0,1,1
data analytics,2,1,0,0,0,0,1,2,1,0,0,0,0,1,0,0,1,0,0
data center architecture,0, 2, 1, 0, 0, 1, 0, 0, 2, 0, 0, 0, 2, 1, 2, 0, 0, 2, 0
data centers,2,1,0,2,2,0,0,0,0,1,0,0,0,2,0,0,0,0,0
data curation,2,1,0,0,0,0,0,1,1,0,0,0,0,0,0,1,0,0,0
data engineering,2,0,1,0,1,0,2,2,0,1,0,2,2,2,0,1,0,0,1
data ethics,2,0,0,1,1,0,2,1,1,1,0,1,1,0,1,0,2,0,1
data governance,2, 0, 0, 1, 1, 0, 0, 1, 0, 1, 1, 1, 0, 0, 0, 1, 1, 0, 1
data management,2,1,0,2,2,0,1,1,1,0,0,0,0,2,1,2,2,0,0
data modeling,2,1,0,2,1,2,0,1,2,0,0,1,0,0,0,2,2,0,0
data privacy,2,1,0,1,0,1,0,1,1,1,0,0,0,0,0,0,0,0,0
data resource management,2,1,0,0,0,0,0,2,2,1,0,0,0,0,0,0,2,0,0
data science,2,1,0,0,1,1,1,1,1,1,0,1,0,0,0,0,1,0,0
data science careers,2,1,0,0,0,0,0,2,2,0,0,0,0,0,0,0,2,0,0
data storytelling,2,1,0,0,0,1,0,2,2,0,0,0,0,2,2,2,0,0,0
data visualization,2,1,0,0,0,0,0,2,2,0,0,0,0,0,2,2,0,0,0
datagrip,2,1,0,0,0,0,0,0,0,0,0,0,0,0,0,2,0,0,0
database administration,2,1,0,2,0,2,0,0,1,0,1,1,0,1,0,0,0,1,2
database development,2,1,0,1,1,1,1,1,1,1,1,1,1,1,1,0,0,0,0
databricks,0,1,2,2,1,1,2,2,1,1,0,2,0,0,2,0,1,2,1
databricks sql,2,1,0,1,1,0,0,1,2,0,0,0,0,0,0,0,0,2,0
datomic,2,1,0,0,2,0,0,0,0,0,0,0,0,0,0,0,0,0,0
debian,2,0,0,1,0,1,0,0,0,0,0,0,0,0,0,0,0,0,0
delphi,2,1,0,0,0,0,0,0,1,0,0,0,0,0,0,0,0,0,0
deno,2,1,0,0,0,0,0,0,0,0,0,0,0,0,0,0,0,0,0
design patterns,2,1,0,0,1,0,1,1,0,0,0,0,0,0,1,1,1,0,0
devops,2,1,0,2,1,1,0,1,0,2,0,0,0,2,0,2,0,0,1
devops foundations,2,1,0,1,2,0,0,0,0,1,0,1,0,0,2,0,0,0,1
devops tools,2,1,0,1,2,2,0,0,0,0,0,0,0,0,0,0,0,0,1
device drivers,2,1,0,0,0,2,0,0,0,0,0,0,0,0,0,0,0,0,0
digital ocean,0,2,1,2,0,2,0,1,2,0,0,0,2,0,1,0,1,0,2
directx,2,1,0,0,0,0,0,0,0,0,0,0,0,0,0,2,2,0,0
discord,2,0,1,2,0,0,2,0,0,0,0,0,2,0,0,2,2,0,0
distributed applications,0,1,2,2,1,2,1,2,1,2,1,1,2,1,0,1,2,0,0
django,2,1,0,1,1,2,0,1,0,0,0,2,0,0,0,0,0,1,2
docker,0,2,1,2,2,1,1,0,0,0,1,0,1,0,0,0,1,0,0
doxygen,2,1,0,0,0,0,0,0,0,0,0,0,0,0,0,0,0,0,2
drupal,2,1,0,1,0,2,1,0,1,2,0,0,0,0,0,0,1,0,0
duckdb,2,1,0,1,0,0,0,2,1,0,0,0,0,1,0,0,0,0,0
dynamodb,2,0,0,1,0,0,0,0,2,0,0,0,0,0,2,0,0,0,0
e-commerce development,2,1,0,0,0,0,0,0,0,0,0,0,0,0,0,0,0,0,2
eclipse,2,1,0,0,0,0,0,0,0,0,0,0,0,0,0,0,2,2,0
elasticsearch,0,2,1,1,0,0,2,2,0,0,0,0,0,0,0,0,0,0,0
electron,2,1,0,0,0,0,0,0,0,0,0,0,0,0,0,0,0,0,0
electronic document management system (edms),2,0,1,2,0,0,0,2,2,0,0,0,2,2,0,0,0,0,0
elixir,0,1,2,0,0,0,0,2,0,2,2,0,0,0,0,0,0,0,2
elm,2,1,0,0,0,0,0,0,0,0,0,0,0,0,0,0,0,0,0
emacs,2,1,0,0,0,0,0,0,0,0,0,0,0,0,0,0,2,0,0
enterprise architecture,0,2,1,2,2,0,0,0,1,1,2,2,0,0,1,0,0,1,1
enterprise content management,2, 0, 1, 0, 0, 0, 0, 2, 0, 1, 0, 0, 0, 0, 2, 1, 0, 0, 0
erlang,2,1,0,0,0,1,0,0,0,0,0,0,0,0,0,2,0,0,0
eventstoredb,0,2,1,0,0,0,0,0,0,0,0,0,0,0,0,2,0,0,0
express,2,1,0,0,0,0,0,0,0,0,0,0,0,0,0,0,1,0,0
f#,2,0,0,0,0,1,1,0,0,0,0,0,0,0,0,0,0,2,0
fastapi,2,1,0,0,0,0,0,1,0,0,0,0,0,0,2,0,0,0,0
fastify,2,1,0,0,2,0,0,0,0,1,0,0,0,0,0,0,0,0,0
fedora,2,0,0,0,0,1,0,0,0,0,0,0,0,0,0,0,0,0,0
firebase,2,1,0,2,0,0,0,0,0,0,0,0,0,0,0,0,0,0,0
firebase realtime database,2,0,0,1,0,0,0,0,0,0,0,0,0,0,0,0,0,0,0
firebird,2,1,0,2,2,0,2,2,2,0,0,2,0,0,0,0,0,2,2
flask,0,1,2,1,0,2,0,0,1,2,0,2,0,0,0,1,1,0,0
fleet,2,0,0,1,0,2,0,2,0,0,1,0,0,0,2,0,0,0,0
flutter,2,1,0,0,1,0,0,0,0,0,0,0,0,0,2,2,2,0,0
fly.io,2,1,0,1,0,2,0,0,0,1,0,0,0,0,0,0,0,0,0
fortran,2,1,0,0,0,0,1,0,0,0,0,0,0,0,0,0,0,0,0
front-end web development,2,1,0,0,0,0,0,2,0,0,0,0,0,2,2,2,0,0,0
full-stack development,2,1,0,1,1,1,0,1,1,1,0,0,0,1,1,1,0,2,2
full-stack web development,2,1,0,2,2,2,2,1,0,2,0,1,0,2,2,0,2,1,1
gdscript,2,1,0,0,2,0,0,1,0,0,0,2,0,0,0,2,0,0,2
gis,2,0,0,0,1,0,0,1,1,0,0,0,0,1,2,0,0,1,0
gnu gcc,2,0,1,0,0,0,0,0,0,0,0,0,1,0,0,1,0,0,0
gtk,2,1,0,0,0,0,0,0,0,0,0,0,0,1,0,0,0,0,0
game design,2,0,1,0,0,0,1,1,0,0,0,0,0,0,0,1,0,0,0
game development,2,0,0,0,1,1,0,0,1,0,0,1,0,0,0,2,0,0,0
gamemaker studio,2,1,0,0,0,0,0,0,0,0,0,0,0,0,0,2,0,0,0
gatsby,2,1,0,0,2,0,0,0,0,0,0,0,0,0,0,0,0,0,0
geany,2,0,0,0,0,0,0,0,0,0,0,0,0,0,0,0,0,0,0
github,0,2,1,1,0,0,0,0,1,0,1,0,0,0,0,0,0,0,0
github copilot,2,1,0,0,1,0,1,0,0,0,0,0,0,0,0,0,0,0,0
github discussions,2,1,0,0,0,0,0,0,0,0,0,0,0,0,0,0,0,2,0
go,2,1,0,1,1,0,0,0,0,0,0,0,0,0,0,0,1,0,0
godot,2,1,0,0,0,2,2,2,2,0,0,0,0,0,0,2,0,0,0
goland,2,1,0,0,0,0,0,0,0,0,0,0,0,0,0,0,0,0,0
google chat,2,1,0,0,0,0,0,0,0,0,0,0,0,0,0,0,0,0,0
google cloud,2,1,0,1,1,2,2,1,0,2,1,2,0,0,1,1,0,2,1
google gemini,2,1,0,0,0,0,0,0,0,0,0,0,0,0,0,0,0,0,0
google meet,2,0,0,0,0,0,1,0,0,0,0,0,0,2,0,0,0,0,0
google test,0,2,1,0,2,0,2,0,2,2,2,2,2,2,1,0,2,0,0
"governance, risk, and compliance",2,0,0,1,0,1,1,0,0,0,0,1,0,0,0,0,1,0,1
gradle,2,0,1,0,2,0,0,0,0,0,0,0,1,1,0,1,0,0,0
groovy,2,0,0,1,0,0,0,0,0,0,0,0,0,0,0,1,2,0,0
h1,2,0,0,0,0,0,0,0,0,0,0,0,0,0,0,0,0,0,0
html/css,0,1,2,2,0,0,1,0,2,0,0,0,2,0,1,0,1,2,0
hadoop,2,1,0,2,2,0,2,2,2,0,2,0,0,0,0,0,0,0,0
haiku,2,0,0,0,0,0,0,0,0,0,0,0,0,0,0,0,0,0,0
haskell,2,1,0,0,0,0,1,1,0,1,1,0,0,0,0,0,0,0,0
helix,0,0,0,0,0,0,0,0,0,0,0,0,0,0,0,0,0,0,0
help desk skills,0,1,2,0,0,1,2,0,0,0,0,0,0,0,0,0,1,0,0
heroku,2,1,0,2,0,0,0,0,0,0,0,0,0,0,0,0,0,0,0
hetzner,2,0,1,0,0,0,0,0,0,0,0,0,0,1,0,0,0,0,0
homebrew,2,0,0,0,0,0,0,0,0,0,0,0,0,1,0,0,0,0,0
htmx,2,1,0,0,0,0,0,0,0,0,0,0,0,0,0,0,0,0,0
hugging face transformers,2,0,1,0,0,0,1,2,0,0,0,0,0,0,0,0,0,0,0
ibm cloud or watson,1,0,2,2,2,2,1,2,0,2,0,0,0,0,0,0,0,0,1
ibm db1,2,0,0,0,0,0,0,0,0,0,0,0,0,0,0,0,2,0,0
ipython,2,1,0,0,0,0,0,1,1,0,0,0,0,0,0,0,0,0,0
irc,2,1,0,0,0,2,0,0,0,0,0,0,0,0,0,0,0,0,0
it audit,2, 0, 0, 0, 0, 0, 0, 0, 0, 0, 0, 1, 0, 0, 0, 0, 0, 0, 0
it automation,2,0,0,0,1,0,0,0,0,0,0,0,0,0,0,0,0,0,0
it service management,2,1,0,0,0,0,0,0,0,0,0,1,0,0,0,1,0,0,0
identity and access management,2,1,0,0,0,0,1,0,0,0,0,0,0,0,0,0,0,0,2
incident response,2,0,0,0,1,1,1,0,0,0,0,1,0,0,0,0,0,0,0
influxdb,2,1,0,2,2,0,0,0,0,0,0,0,0,0,0,2,0,0,0
intellij idea,2,1,0,0,1,0,0,0,0,0,0,0,0,0,0,0,0,0,0
internet of things,2,1,0,1,0,1,0,1,0,1,0,1,1,0,1,1,1,0,0
internet of things (iot),2,1,0,0,0,0,0,0,1,0,0,0,0,0,0,2,0,0,0
ionic,2,1,0,2,0,0,0,0,0,2,0,0,0,0,0,2,0,0,0
jax,2,1,0,0,0,0,0,0,0,0,0,0,0,0,0,0,2,1,0
java,2,1,2,0,0,2,2,0,0,0,0,0,0,2,0,0,0,0,2
java web services,2,1,0,1,2,0,0,0,0,2,0,0,0,2,0,0,0,0,2
javascript,2,1,0,1,1,0,0,0,0,0,0,0,0,0,0,0,2,0,0
javascript frameworks,2,1,0,0,0,0,0,0,0,0,0,0,0,0,0,2,2,0,0
jira,2,1,0,0,0,0,0,0,0,0,0,0,0,0,0,0,0,0,0
jitsi,2,1,0,0,0,0,0,0,0,0,0,0,0,0,0,0,0,0,0
julia,0,2,2,1,0,0,0,1,0,0,0,0,0,0,0,0,0,0,0
jupyter notebook/jupyterlab,2,1,0,0,0,0,0,1,2,0,0,0,0,0,0,1,0,0,0
kate,2,1,0,0,0,0,0,0,0,0,0,0,0,0,0,0,0,0,0
keras,2,1,0,2,0,1,2,1,0,2,0,2,2,2,0,0,1,2,2
kotlin,2,0,1,0,0,0,1,0,0,0,0,0,0,0,0,0,2,0,0
ktor,2,0,0,0,0,0,0,0,0,0,0,0,0,0,0,0,0,0,0
kubernetes,2,1,0,1,1,2,1,0,1,0,1,0,0,0,0,2,1,0,0
llvm's clang,2,0,1,0,0,2,0,0,1,0,0,0,0,0,0,0,2,0,0
laravel,2,1,0,0,0,1,0,0,0,1,0,1,0,1,0,0,0,0,0
lightning ai,2,0,0,1,0,0,1,2,0,0,0,1,0,0,0,0,2,0,0
linear,2,1,0,0,0,2,0,0,0,0,0,0,0,0,0,0,0,0,0
"linode, now akamai",2,1,0,1,0,1,0,0,0,0,0,0,0,1,1,0,0,1,0
linux distributions,0,1,0,2,2,0,0,0,0,1,2,0,0,0,2,0,0,0,0
lisp,2,1,0,0,0,0,0,0,0,0,0,0,0,0,0,0,0,0,0
loopback.io,2,0,0,1,0,0,0,1,0,0,0,0,0,0,0,0,0,0,0
lua,2,1,0,0,0,0,0,0,0,0,0,0,0,0,0,0,0,0,0
lucid,0, 0, 0, 0, 0, 0, 0, 0, 0, 0, 0, 0, 0, 0, 0, 1, 0, 0, 0
matlab,2,0,0,0,0,1,1,1,1,0,0,0,0,0,0,0,0,0,0
mfc,2,1,0,0,0,2,0,0,2,1,0,0,0,0,0,0,0,0,0
msbuild,2,0,0,0,0,1,0,0,0,0,0,0,0,0,0,2,1,0,0
msvc,2,0,1,0,0,0,0,0,0,0,0,0,0,1,0,0,0,0,0
macos,2,1,0,0,0,2,0,0,0,0,0,0,0,0,0,0,0,0,0
machine learning,2,1,0,0,1,1,2,1,0,0,0,0,0,0,0,0,1,0,0
make,2,1,0,0,0,0,0,0,0,0,0,0,0,0,0,0,0,0,0
malware analysis,2,0,1,2,0,1,2,0,2,0,0,0,0,0,0,1,0,0,0
managed hosting,2,1,0,0,0,0,0,0,0,0,2,0,0,0,0,0,2,0,0
mariadb,2,1,0,2,2,0,0,2,0,0,2,0,2,0,0,2,1,0,2
markdown file,2,0,0,0,0,0,0,0,1,0,0,0,0,0,0,0,0,0,0
matrix,2, 0, 0, 0, 1, 0, 0, 0, 0, 0, 0, 0, 0, 0, 0, 0, 0, 0, 2
mattermost,2,0,1,0,0,1,0,0,0,0,0,0,0,0,0,0,1,0,0
maven (build tool),2,1,0,0,0,0,0,0,0,0,0,0,0,0,0,0,0,0,0
meson,2,0,1,0,0,2,0,0,0,1,0,0,0,0,0,0,0,0,0
meta ai,0,1,2,1,1,0,1,1,1,0,0,0,0,0,0,2,0,0,0
metaphor,2,0,0,0,0,1,0,0,0,0,0,0,0,0,2,1,2,0,0
micropython,2,1,0,0,1,0,0,0,0,0,0,0,0,0,0,0,0,0,0
micronaut,0,1,2,0,1,2,0,0,0,0,0,0,0,0,0,0,2,0,2
microsoft access,0, 1, 2, 0, 0, 0, 0, 0, 0, 0, 0, 0, 0, 0, 0, 0, 0, 0, 0
microsoft azure,2, 1, 0, 1, 1, 0, 0, 0, 1, 0, 0, 1, 0, 1, 2, 1, 0, 1, 1
microsoft development,2,0,0,1,0,2,0,1,0,0,0,0,0,0,0,0,0,1,0
microsoft endpoint configuration manager,2,0,0,2,0,2,0,0,0,1,0,0,0,0,2,2,0,0,0
microsoft lists,2,0,0,0,0,0,0,0,0,0,0,1,0,0,0,0,0,0,0
microsoft planner,0,2,1,1,0,0,0,1,0,0,0,0,0,0,0,0,0,0,0
microsoft sql server,2,1,0,2,1,0,0,2,0,2,0,0,0,0,0,0,1,0,0
microsoft teams,2,1,0,0,0,0,0,0,0,0,0,0,0,0,0,0,0,0,0
miro,2,1,0,0,0,2,0,0,0,0,0,0,0,0,0,0,2,2,2
mobile device management,2,1,0,0,0,2,0,0,0,1,0,0,0,0,0,2,0,0,0
mobile game development,2,0,1,0,0,1,0,1,0,1,0,0,2,1,0,2,0,2,0
monday.com,2,0,0,0,0,1,0,0,1,0,0,0,0,0,2,1,1,0,0
mongodb,2,1,0,0,0,0,0,0,0,0,0,0,0,0,0,0,2,0,0
mysql,0,1,0,2,0,0,0,0,2,0,0,0,0,0,0,0,0,0,0
nano,2,1,0,0,0,0,0,0,0,0,0,0,0,0,0,0,0,0,0
neeva ai,2,0,0,0,1,2,0,1,0,1,2,2,2,2,1,0,0,0,0
neo4j,2,1,0,0,0,0,0,2,0,0,0,0,0,0,0,0,0,0,0
neovim,2,1,0,0,0,0,0,0,0,0,0,0,0,0,0,2,0,0,0
nestjs,2,1,0,2,1,0,0,0,0,0,0,0,0,0,0,0,0,2,0
netbeans,2,0,0,0,0,1,0,0,0,0,0,0,0,0,2,1,0,0,0
netlify,2,1,0,2,2,2,0,0,0,2,2,2,0,0,0,0,2,0,2
network administration,2,1,0,1,1,1,1,0,1,1,1,0,0,0,0,1,0,0,0
network security,2,1,0,2,0,2,1,0,0,0,0,0,0,0,0,0,1,0,0
next.js,2,1,0,1,1,0,0,0,0,0,0,0,1,0,0,0,0,1,1
nim,2,0,0,0,0,1,0,0,0,0,0,0,0,0,0,0,0,0,0
ninja,0,2,0,0,0,0,0,0,0,0,0,0,0,0,0,0,0,0,0
nix,2,0,1,0,1,1,0,0,0,1,0,0,0,0,0,0,0,0,0
node.js,2,1,0,2,2,1,0,0,0,2,0,0,0,1,0,0,0,0,0
notepad++,0,1,2,0,0,0,0,0,0,0,0,0,0,0,0,0,2,0,0
notion,0,1,2,0,0,0,2,2,0,0,0,0,0,0,0,2,0,0,0
nuget,2,1,0,0,0,0,0,0,0,0,0,0,0,0,0,0,0,0,0
numpy,2,1,0,0,0,0,2,0,0,0,0,0,0,0,0,0,0,0,0
nuxt.js,2,1,0,0,0,0,0,0,0,0,0,0,0,1,0,0,0,0,0
ocaml,2,0,0,1,0,2,2,1,2,0,0,0,0,0,0,0,0,0,2
ovh,2,1,0,0,1,0,0,0,0,0,0,0,0,0,0,0,1,0,0
object-oriented programming,2,1,0,0,0,0,0,1,0,0,1,1,1,1,0,0,0,0,0
objective-c,2,0,0,0,0,0,0,0,1,0,0,0,0,0,0,0,0,0,0
obsidian,2,1,0,0,0,0,0,0,0,0,0,0,0,0,0,0,0,0,0
openai codex,2,0,0,0,0,0,1,0,0,0,0,0,0,0,0,0,0,0,0
opencl,2,1,0,1,0,1,0,0,0,1,1,0,1,0,0,0,0,0,0
opengl,2,1,0,0,0,1,0,0,0,0,0,1,1,1,1,2,0,0,0
openshift,2,1,0,2,2,0,0,0,0,0,0,0,0,0,0,2,0,0,0
openstack,2,1,0,1,1,0,0,0,0,0,0,0,0,0,0,0,0,0,0
opencv,2,1,0,2,0,1,2,2,2,0,0,0,0,2,2,2,0,1,0
operating system distribution,2,1,0,0,0,1,0,0,0,0,1,0,0,0,0,0,0,0,0
oracle,2,0,0,1,0,0,0,0,0,0,0,0,0,1,0,2,0,0,0
oracle cloud infrastructure (oci),2,1,0,2,2,1,0,0,0,0,0,0,0,0,0,0,2,0,0
other (please specify):,2,0,0,0,0,0,0,0,0,0,0,0,0,0,0,0,0,0,1
other linux-based,2,0,0,0,0,1,0,0,0,0,0,0,0,0,0,0,0,0,0
php,2,1,0,2,1,2,0,1,2,0,0,0,0,1,0,0,0,0,0
pacman,2,0,0,0,1,0,0,0,0,0,0,0,0,0,0,0,0,0,0
pandas,2,1,0,0,0,0,0,2,2,2,0,0,0,0,0,0,2,0,0
penetration testing,2,1,0,0,1,2,1,2,0,1,0,0,0,1,0,0,2,0,0
perl,2,1,0,2,1,0,0,1,2,2,0,0,2,0,0,2,0,2,2
perplexity ai,2,0,1,2,0,1,2,2,0,0,0,0,2,0,0,0,1,0,2
phind,2,0,0,0,0,0,0,0,0,0,0,0,0,0,0,0,0,0,0
phoenix,0,2,0,0,0,0,0,0,0,0,0,0,0,0,0,0,0,0,0
phpstorm,0,1,2,2,0,0,0,0,0,0,0,0,0,0,0,0,0,0,0
pip,2,1,0,0,0,0,0,0,0,0,0,0,0,0,0,0,1,0,0
platformio,0,1,2,0,0,2,2,0,0,0,0,0,0,0,0,0,0,0,0
play framework,2,1,0,0,0,0,0,0,0,0,0,0,0,0,0,0,0,0,0
podman,2,0,1,1,1,0,0,0,1,0,0,1,0,0,0,0,1,0,0
postgresql,2,0,0,1,0,0,0,0,0,0,1,0,0,0,0,0,0,0,0
powershell,2,1,0,1,1,0,0,0,0,0,0,0,1,0,0,2,2,0,2
presto,2,1,0,0,0,0,0,1,0,0,0,0,0,0,0,0,0,0,0
programming foundations,2,1,0,2,2,1,0,1,2,1,2,0,0,2,2,0,0,2,0
programming languages,2,0,1,0,0,0,0,2,0,0,0,0,0,0,0,0,2,0,0
prolog,2,1,0,0,0,0,0,0,0,0,0,0,0,0,0,0,2,1,0
pulumi,2,1,0,1,1,1,0,0,1,1,1,0,0,1,0,0,1,1,0
puppet,2,1,0,0,2,0,0,0,0,0,1,0,0,0,0,0,0,0,2
pycharm,0,2,1,0,0,0,0,0,0,1,0,0,0,1,0,1,0,0,0
python,2,1,0,2,2,0,2,2,2,2,0,0,0,0,2,2,0,0,0
pythonanywhere,2,1,0,0,0,0,0,0,0,0,0,0,0,0,0,0,0,0,0
qmake,2,1,0,0,0,0,0,0,0,0,0,0,0,0,0,2,0,0,0
qt,2,1,0,0,0,0,0,0,0,0,0,0,0,0,0,0,0,0,0
qt creator,2,1,0,0,0,0,0,0,0,0,0,0,0,0,0,0,2,0,0
quarkus,2,1,0,2,0,0,0,0,0,1,0,0,0,0,0,2,0,0,0
quora poe,2,1,0,2,0,0,0,0,0,0,0,0,0,0,0,0,0,0,0
r,0,0,1,2,0,0,0,2,0,2,0,0,0,0,0,2,0,0,0
rstudio,2,1,0,0,1,0,0,1,0,0,0,0,0,0,0,0,2,0,0
rabbitmq,0,2,1,0,2,1,0,0,0,0,1,0,0,0,0,0,2,0,0
"rad studio (delphi, c++ builder)",2,1,0,0,0,0,0,0,0,0,0,0,0,0,2,2,0,0,0
rasberry pi,0,1,2,0,0,0,0,0,0,0,0,0,0,0,0,0,0,0,2
ravendb,2, 0, 1, 2, 0, 0, 0, 0, 0, 0, 0, 0, 0, 0, 0, 0, 0, 0, 0
react,2,1,0,0,0,2,2,1,0,0,2,0,0,1,0,0,0,2,0
react native,2,1,0,0,0,0,1,0,0,0,0,0,0,2,0,2,0,0,2
red hat,0,1,0,0,0,0,0,0,0,0,0,0,0,0,0,2,0,0,0
redis,2,1,0,0,0,2,0,0,0,0,0,0,0,0,0,0,0,0,0
redmine,2,1,0,0,2,0,0,2,2,0,0,0,0,2,0,0,1,0,2
remix,0,2,1,2,0,0,1,0,0,0,0,0,1,0,0,0,0,0,0
render,2,1,0,0,0,0,0,0,0,0,0,0,0,0,0,0,0,0,0
replit ghostwriter,2,1,0,0,0,0,0,0,0,0,0,0,0,0,0,0,0,0,0
rider,0,2,1,1,0,0,0,0,0,0,0,0,0,0,0,0,0,0,0
ringcentral,0,1,0,2,1,0,0,0,0,1,0,0,0,0,0,0,2,0,0
rocketchat,2,0,0,1,2,0,0,2,0,0,0,2,0,0,0,0,2,0,0
roslyn,2,1,0,0,0,0,0,0,0,0,0,0,0,0,0,0,0,0,0
ruby,2,1,0,0,0,0,0,0,0,0,0,0,0,0,0,2,0,0,0
ruby on rails,2,1,0,0,0,0,0,0,0,0,0,0,0,0,0,0,0,0,0
rubymine,2, 0, 1, 1, 0, 0, 0, 0, 0, 0, 0, 1, 0, 0, 1, 0, 0, 0, 0
ruff,0, 0, 0, 0, 0, 0, 0, 0, 0, 0, 0, 0, 0, 0, 0, 0, 0, 0, 0
rust,0,2,0,0,0,2,0,1,0,0,0,0,0,0,0,2,0,0,0
scons,2,1,0,0,2,2,2,0,0,0,0,0,0,0,0,0,0,0,0
solid design principles,0,2,0,0,0,1,0,2,0,0,0,0,0,2,0,0,0,0,2
sql,2,0,0,1,0,1,0,0,0,1,0,0,0,0,0,0,0,0,1
sqlite,2,0,0,0,0,1,2,1,0,1,0,2,2,2,2,2,0,0,0
scala,2, 0, 0, 1, 0, 0, 1, 1, 0, 0, 0, 0, 0, 1, 1, 0, 0, 0, 0
scaleway,2,0,1,2,0,0,0,0,0,0,0,0,0,0,0,0,0,0,0
scikit-learn,2,0,0,1,0,2,2,1,2,0,0,0,2,2,0,2,0,0,0
security audits,2,1,0,0,0,1,1,0,0,0,0,0,0,0,0,0,0,1,1
security awareness,2,0,0,1,0,1,1,0,0,0,0,0,1,0,0,0,1,0,1
security careers,2,1,0,0,1,1,1,0,0,0,0,0,0,0,0,0,0,0,0
security risk,0,2,1,1,0,1,1,0,0,1,1,1,1,0,0,0,1,0,0
security testing,2,1,0,1,1,1,1,1,0,1,0,1,0,0,0,0,0,1,0
server administration,2,0,1,0,1,0,2,1,0,1,1,0,0,0,0,2,1,0,0
shortcut,2,1,0,0,0,0,0,0,0,0,0,0,0,0,0,0,0,0,0
signal,2,0,0,0,0,1,0,0,0,0,0,0,0,0,0,0,0,0,0
skype,2,0,0,0,0,2,0,0,0,0,0,0,0,0,0,0,1,0,0
slack,2,1,0,2,0,0,0,0,0,1,2,0,0,0,0,0,0,2,0
smartsheet,0,2,1,1,1,1,0,0,1,0,0,0,0,0,1,0,0,0,0
snowflake,0,2,1,0,0,0,0,0,0,0,0,0,0,0,0,0,0,0,0
snyk code,2,0,0,0,1,1,0,0,0,0,0,0,0,0,0,0,0,0,0
software administration,2,1,0,0,0,2,0,0,0,2,0,0,0,0,0,1,0,0,0
software architecture,2,1,0,0,1,0,0,0,0,0,0,0,0,1,2,2,0,0,2
software deployment,2,1,0,2,1,0,2,1,0,2,0,0,0,2,0,2,0,2,0
software design,2,0,1,0,0,0,0,1,0,0,0,0,1,0,1,1,0,0,0
software design patterns,2,1,0,0,1,0,0,1,0,0,0,0,1,1,0,2,0,0,0
software development security,2,0,0,1,2,1,2,0,2,0,0,0,0,0,0,0,0,2,2
software development tools,2,1,0,0,1,0,0,0,0,0,0,0,0,0,0,0,1,0,0
software installation,0,2,2,1,2,1,0,1,0,2,1,0,0,2,2,1,0,1,1
software quality assurance,2,0,1,0,0,2,0,2,0,1,0,2,1,0,0,0,1,0,0
software support,2,1,0,0,0,0,0,0,0,0,0,0,0,0,0,0,0,0,0
software testing,0,1,0,0,2,0,0,1,0,1,0,2,0,0,0,0,0,2,2
solaris,0, 2, 1, 2, 2, 1, 2, 0, 0, 2, 0, 0, 0, 0, 0, 0, 0, 0, 1
solid.js,2,1,0,0,0,0,0,0,0,0,0,0,0,0,0,0,0,0,0
solidity,2,0,0,1,1,0,1,0,0,0,0,0,0,0,1,1,0,0,0
solr,2,0,1,2,0,0,2,0,0,0,0,0,0,0,0,0,0,0,0
spacemacs,2,0,0,0,1,0,0,2,1,0,0,0,0,2,0,0,0,0,0
spring boot,2,1,0,2,1,2,2,1,1,0,0,1,2,1,0,1,0,2,0
spring framework,2,1,0,0,0,0,2,2,0,0,1,0,0,1,0,0,1,0,0
spyder,2,0,1,0,0,0,0,0,0,0,0,0,0,0,0,0,2,2,0
stack overflow for teams,2,0,0,0,0,1,0,0,0,0,0,0,0,0,0,0,0,0,0
statistics,0,2,1,1,1,2,1,1,1,0,1,1,0,1,2,0,1,0,0
strapi,2,1,0,0,0,0,0,0,0,0,0,0,0,2,0,0,0,0,0
sublime text,0,2,1,0,0,1,0,0,0,0,0,0,0,0,0,0,0,0,0
supabase,2,2,0,1,0,0,0,0,0,2,0,0,0,0,0,0,0,0,0
svelte,2,1,0,0,0,0,0,0,0,0,0,0,0,0,0,0,0,0,0
swift,2,0,0,0,0,0,0,0,0,0,0,0,0,0,1,0,0,0,0
swiftui,2,1,0,0,0,0,0,0,0,0,0,0,0,2,0,0,2,0,0
symfony,0,1,2,1,0,0,0,2,1,0,0,0,1,1,0,0,0,0,0
symphony,0,1,0,0,0,0,0,0,0,0,0,0,0,0,0,0,0,0,0
tabnine,2,1,0,0,0,0,0,0,0,0,0,0,0,0,0,0,0,0,0
tauri,2,1,0,0,0,0,0,0,0,0,0,0,0,1,0,0,0,0,0
telegram,2,0,0,0,0,1,0,0,0,0,0,0,0,0,0,0,0,0,0
tensorflow,2,1,0,0,1,0,1,1,0,0,0,0,0,0,0,0,0,0,0
terraform,2,1,0,2,2,0,0,0,2,0,0,0,0,2,0,2,0,0,0
tidb,2,1,0,0,2,0,0,0,0,0,0,0,0,0,0,0,0,0,0
tidyverse,2,1,0,0,0,0,0,1,1,0,0,0,0,0,0,0,0,0,0
torch/pytorch,0,1,2,0,0,0,0,0,0,0,0,0,0,1,0,0,0,0,0
trello,2,0,0,0,1,0,0,0,0,1,0,0,0,0,0,0,0,0,0
typescript,0,2,2,1,1,0,2,1,0,0,0,0,0,0,0,1,0,0,0
ubuntu,2,1,0,0,0,0,0,0,0,0,0,0,0,0,0,0,0,0,0
unify circuit,2,0,0,0,0,2,1,0,0,0,0,0,0,0,0,0,0,0,0
unity 2d,2,1,0,1,0,1,0,0,0,0,0,0,0,0,0,2,2,0,0
unreal engine,2,1,0,0,1,1,0,0,0,0,0,0,0,0,0,2,2,0,0
upgrade and maintenance,2,0,0,1,0,0,0,0,0,1,0,0,0,0,0,0,0,0,0
vba,2,1,0,0,0,0,0,0,0,0,0,0,0,0,0,0,0,0,0
vmware,2,0,1,1,1,0,0,0,1,0,0,1,0,1,1,1,0,1,1
vscodium,2,1,0,0,0,0,0,0,0,0,0,0,0,0,0,0,0,0,0
vercel,2,1,0,0,0,1,0,0,0,0,0,0,0,0,0,0,0,0,2
version control,2,1,0,0,2,0,2,0,2,0,0,0,0,0,0,2,0,2,0
vim,0,2,1,1,1,1,0,1,1,1,0,1,0,1,1,1,0,0,0
virtualization,2,1,0,2,2,0,0,0,0,0,0,0,0,2,1,2,1,0,2
visual basic (.net),2, 0, 1, 0, 0, 0, 1, 0, 0, 0, 0, 0, 0, 1, 0, 0, 1, 0, 1
visual studio,2,1,0,0,1,0,0,0,0,0,0,0,0,0,0,1,0,0,0
visual studio code,2, 1, 0, 0, 1, 0, 0, 0, 0, 1, 0, 0, 0, 1, 2, 0, 0, 0, 0
visual studio intellicode,2,1,0,0,0,2,0,0,0,0,0,0,0,0,0,0,0,0,0
visual studio solution,2,1,0,0,1,0,0,0,0,0,0,0,0,0,0,0,0,0,0
vite,2,1,0,0,0,0,0,0,0,0,0,0,0,0,0,0,0,0,0
vue.js,2,1,0,0,0,2,1,2,0,1,0,0,0,0,0,0,0,0,0
vulnerability management,2,1,0,0,1,1,0,0,0,0,0,0,1,0,0,0,1,0,1
vultr,2,1,0,0,0,0,0,0,0,0,0,0,0,0,0,0,0,0,0
web development tools,2,1,0,0,1,0,0,1,0,0,0,0,1,0,0,0,0,2,0
web2,2,1,0,2,0,0,0,0,0,0,0,0,2,2,0,2,0,0,0
webstorm,2,1,0,0,0,0,0,0,0,0,0,0,0,0,0,2,0,0,0
webpack,2,1,0,0,1,0,0,0,0,0,0,0,0,1,0,0,0,0,0
whatsapp,2, 0, 0, 0, 0, 0, 0, 0, 0, 0, 0, 0, 0, 0, 0, 0, 0, 0, 0
whispr ai,0,1,2,0,2,0,1,0,0,0,0,0,0,0,0,2,0,0,0
wickr,0, 1, 0, 0, 2, 0, 0, 0, 0, 0, 0, 0, 0, 0, 0, 0, 0, 0, 0
wikis,2,0,1,0,0,0,0,0,0,0,0,0,2,0,0,0,1,0,0
windows,2,0,0,0,1,0,0,2,0,2,0,2,0,0,0,0,0,0,0
windows subsystem for linux (wsl),2,1,0,0,0,0,0,0,0,0,0,0,0,0,0,1,0,0,0
wire,2,1,0,0,0,0,0,0,0,0,0,0,0,0,0,0,0,0,0
wolframalpha,2, 0, 0, 0, 0, 0, 0, 0, 0, 0, 0, 0, 0, 1, 0, 0, 0, 0, 0
wordpress,2,1,0,1,0,0,0,0,0,0,1,0,0,0,1,0,0,0,1
xamarin,2,1,0,0,2,0,0,2,0,2,0,0,0,0,2,2,0,0,0
xcode,2,1,0,0,0,0,0,0,0,0,0,0,0,0,0,2,0,0,0
yarn,2,1,0,0,0,0,0,0,0,0,0,0,0,0,0,0,0,0,0
yii 1,0,2,2,0,0,2,0,0,2,0,0,0,2,2,0,0,0,0,0
you.com,0, 1, 0, 2, 0, 0, 0, 0, 0, 0, 0, 0, 0, 0, 0, 0, 0, 0, 0
youtrack,0,2,2,1,2,0,0,0,0,1,0,0,0,0,0,0,0,0,0
zmk,2,0,0,0,1,0,0,0,0,0,0,0,0,0,0,0,0,0,0
zephyr,2,0,0,0,0,0,0,0,0,0,0,0,0,0,0,0,0,0,0
zig,0, 0, 2, 1, 0, 0, 0, 0, 0, 1, 0, 2, 0, 0, 0, 0, 0, 0, 0
zoom,2,1,0,0,0,2,0,0,0,0,0,0,0,0,0,0,0,0,0
zulip,2, 0, 0, 1, 0, 0, 0, 0, 0, 0, 0, 0, 0, 0, 0, 0, 0, 0, 0
build1,2,0,0,0,0,0,0,0,0,0,0,0,0,0,0,0,0,0,0
cppunit,0,1,2,1,0,0,1,0,0,0,0,0,0,0,0,0,2,0,0
doctest,2,1,0,0,0,0,0,0,0,0,0,0,0,0,0,0,0,0,0
ios,2,0,1,0,0,2,0,2,0,0,0,0,0,0,0,2,0,0,0
ios development,2, 0, 1, 0, 0, 0, 0, 0, 0, 0, 0, 0, 0, 0, 0, 2, 0, 0, 0
ipados,2,0,1,0,0,0,0,0,0,0,0,0,0,0,0,0,0,0,0
jquery,2,1,0,0,0,0,0,1,0,0,0,0,1,0,0,1,1,0,0
mlflow,2,1,0,2,0,0,0,1,2,0,0,2,0,0,0,2,0,0,0
nan,0,1,2,1,1,0,1,1,0,0,0,0,0,0,0,1,0,0,0
npm,2,1,0,0,0,1,0,0,0,0,0,0,0,0,0,0,0,0,0
pnpm,2,0,0,0,0,0,0,0,0,0,0,0,0,0,0,1,1,0,0
